flag,flag_key,fleet_size,accident_count,accident_rate,accident_rate_norm,avg_severity_risk,severity_risk_norm,avg_ship_type_risk,ship_type_risk_norm,paris_mou_category,paris_rank,paris_inspections_2022_2024,paris_detentions_2022_2024,paris_excess_factor,flag_safety_risk,flag_safety_risk_norm,risk_score
Cameroon,cameroon,240,3,0.0125,0.0125,0.8833333333333333,0.8833333333333333,0.842741935483871,0.842741935483871,black,69,144,43,6.56,1.0,1.0,0.684643817204301
Guinea-Bissau,guinea bissau,74,4,0.05405405405405406,0.05405405405405406,0.825,0.825,0.8508064516129032,0.8508064516129032,black,61,51,9,1.94,1.0,1.0,0.6824651264167393
Anguilla,anguilla,1,1,1.0,1.0,1.0,1.0,0.21774193548387097,0.21774193548387097,unlisted,,,,,0.5,0.5,0.6794354838709677
Comoros,comoros,432,15,0.034722222222222224,0.034722222222222224,0.9533333333333334,0.9533333333333334,0.5551075268817204,0.5551075268817204,black,65,258,48,3.59,1.0,1.0,0.635790770609319
Palau,palau,565,18,0.03185840707964602,0.03185840707964602,0.8777777777777778,0.8777777777777778,0.6211917562724014,0.6211917562724014,black,60,489,55,1.67,1.0,1.0,0.6327069852824563
Vanuatu,vanuatu,295,9,0.030508474576271188,0.030508474576271188,0.8,0.8,0.6890681003584229,0.6890681003584229,black,63,357,52,2.55,1.0,1.0,0.6298941437336736
Togo,togo,355,10,0.028169014084507043,0.028169014084507043,0.8150000000000001,0.8150000000000001,0.6689516129032259,0.6689516129032259,black,59,273,32,1.58,1.0,1.0,0.6280301567469333
Sri Lanka,sri lanka,95,1,0.010526315789473684,0.010526315789473684,1.0,1.0,1.0,1.0,unlisted,,,,,0.5,0.5,0.6276315789473684
Belize,belize,769,9,0.011703511053315995,0.011703511053315995,1.0,1.0,0.4887992831541218,0.4887992831541218,black,62,220,32,2.29,1.0,1.0,0.6251256985518594
Bolivia,bolivia,54,1,0.018518518518518517,0.018518518518518517,1.0,1.0,0.842741935483871,0.842741935483871,unlisted,,,,,0.5,0.5,0.5903151135005974
North Korea,democratic people s republic of korea,0,6,0.0,0.0,1.0,1.0,0.842741935483871,0.842741935483871,unlisted,,,,,0.5,0.5,0.5856854838709677
Ethiopia,ethiopia,0,1,0.0,0.0,1.0,1.0,0.842741935483871,0.842741935483871,unlisted,,,,,0.5,0.5,0.5856854838709677
Greenland,greenland,12,1,0.08333333333333333,0.08333333333333333,1.0,1.0,0.717741935483871,0.717741935483871,unlisted,,,,,0.5,0.5,0.575268817204301
Latvia,latvia,91,4,0.04395604395604396,0.04395604395604396,0.9125,0.9125,0.780241935483871,0.780241935483871,grey,44,162,7,0.13,0.5,0.5,0.5591744948599787
South Africa,south africa,111,1,0.009009009009009009,0.009009009009009009,1.0,1.0,0.717741935483871,0.717741935483871,unlisted,,,,,0.5,0.5,0.55668773612322
St. Helena,st. helena,0,1,0.0,0.0,1.0,1.0,0.717741935483871,0.717741935483871,unlisted,,,,,0.5,0.5,0.5544354838709677
Nauru,nauru,14,2,0.14285714285714285,0.14285714285714285,0.825,0.825,0.717741935483871,0.717741935483871,unlisted,,,,,0.5,0.5,0.5463997695852534
St. Kitts and Nevis,st. kitts and nevis,568,8,0.014084507042253521,0.014084507042253521,0.7749999999999999,0.7749999999999999,0.3876008064516129,0.3876008064516129,black,58,269,29,1.3,1.0,1.0,0.5441713283734666
Vietnam,vietnam,1919,11,0.005732152162584679,0.005732152162584679,0.9,0.9,0.2686950146627566,0.2686950146627566,black,66,43,12,4.42,1.0,1.0,0.5436067917063353
Bulgaria,bulgaria,76,2,0.02631578947368421,0.02631578947368421,0.825,0.825,0.780241935483871,0.780241935483871,unlisted,,,,,0.5,0.5,0.5328894312393888
Tanzania,zanzibar,0,8,0.0,0.0,1.0,1.0,0.5221774193548386,0.5221774193548386,unlisted,,,,,0.5,0.5,0.5055443548387096
Honduras,honduras,501,5,0.00998003992015968,0.00998003992015968,1.0,1.0,0.5016129032258064,0.5016129032258064,unlisted,,,,,0.5,0.5,0.5028982357864915
Argentina,argentina,197,40,0.20304568527918782,0.20304568527918782,0.9387499999999998,0.9387499999999998,0.35090725806451617,0.35090725806451617,unlisted,,,,,0.5,0.5,0.4981757358359259
Peru,peru,114,5,0.043859649122807015,0.043859649122807015,1.0,1.0,0.4403225806451613,0.4403225806451613,unlisted,,,,,0.5,0.5,0.4960455574419921
Indonesia,indonesia,0,21,0.0,0.0,0.9833333333333333,0.9833333333333333,0.4855990783410139,0.4855990783410139,unlisted,,,,,0.5,0.5,0.4922331029185868
Faroe Islands,faroes,0,3,0.0,0.0,0.75,0.75,0.717741935483871,0.717741935483871,unlisted,,,,,0.5,0.5,0.49193548387096775
Mexico,mexico,699,5,0.00715307582260372,0.00715307582260372,1.0,1.0,0.45,0.45,unlisted,,,,,0.5,0.5,0.4892882689556509
St. Vincent and Grenadines,st. vincent and the grenadines,820,4,0.004878048780487805,0.004878048780487805,0.725,0.725,0.6905241935483871,0.6905241935483871,grey,54,246,19,0.63,0.5,0.5,0.4801005605822187
Panama,panama,8572,216,0.025198320111992533,0.025198320111992533,0.8076388888888901,0.8076388888888901,0.5779943249701318,0.5779943249701318,grey,48,5854,390,0.2,0.5,0.5,0.4777078834927536
Albania,albania,70,2,0.02857142857142857,0.02857142857142857,1.0,1.0,0.3790322580645161,0.3790322580645161,grey,52,58,4,0.49,0.5,0.5,0.4769009216589861
Gabon,gabon,119,4,0.03361344537815126,0.03361344537815126,1.0,1.0,0.3548387096774194,0.3548387096774194,unlisted,,,,,0.5,0.5,0.47211303876389266
South Korea,south korea,2157,24,0.011126564673157162,0.011126564673157162,0.9854166666666666,0.9854166666666666,0.38524865591397855,0.38524865591397855,grey,45,178,8,0.13,0.5,0.5,0.4704479718134506
Denmark,dis,0,2,0.0,0.0,1.0,1.0,0.3346774193548387,0.3346774193548387,unlisted,,,,,0.5,0.5,0.4586693548387097
Ecuador,ecuador,153,10,0.06535947712418301,0.06535947712418301,0.9650000000000001,0.9650000000000001,0.2991935483870968,0.2991935483870968,unlisted,,,,,0.5,0.5,0.45738825637782
India,india,1928,23,0.011929460580912862,0.011929460580912862,0.8869565217391304,0.8869565217391304,0.418302945301543,0.418302945301543,grey,43,55,1,0.11,0.5,0.5,0.45429723190539656
Niue,niue,77,2,0.025974025974025976,0.025974025974025976,0.825,0.825,0.4375,0.4375,unlisted,,,,,0.5,0.5,0.4471185064935065
Myanmar [Burma],myanmar,118,4,0.03389830508474576,0.03389830508474576,0.825,0.825,0.4254032258064516,0.4254032258064516,unlisted,,,,,0.5,0.5,0.44607538272279934
Russia,russia,3007,30,0.009976720984369804,0.009976720984369804,0.8949999999999998,0.8949999999999998,0.36572580645161296,0.36572580645161296,grey,47,265,14,0.19,0.5,0.5,0.44267563185899567
Solomon Islands,solomon islands,32,1,0.03125,0.03125,1.0,1.0,0.21774193548387097,0.21774193548387097,unlisted,,,,,0.5,0.5,0.43724798387096775
Syria,syrian arab republic,18,1,0.05555555555555555,0.05555555555555555,0.65,0.65,0.532258064516129,0.532258064516129,unlisted,,,,,0.5,0.5,0.4344534050179212
Mauritius,mauritius,32,2,0.0625,0.0625,1.0,1.0,0.17338709677419353,0.17338709677419353,unlisted,,,,,0.5,0.5,0.4339717741935484
Sierra Leone,sierra leone,616,4,0.006493506493506494,0.006493506493506494,0.9125,0.9125,0.30745967741935487,0.30745967741935487,grey,55,173,14,0.66,0.5,0.5,0.4316132959782153
Philippines,philippines,2229,18,0.008075370121130552,0.008075370121130552,0.9388888888888888,0.9388888888888888,0.2744175627240144,0.2744175627240144,grey,51,105,7,0.46,0.5,0.5,0.43034545543350844
Malaysia,malaysia,1813,11,0.006067291781577496,0.006067291781577496,1.0,1.0,0.21334310850439886,0.21334310850439886,unlisted,,,,,0.5,0.5,0.42985260007149406
Wallis and Futuna,wallis and futuna,0,1,0.0,0.0,1.0,1.0,0.21774193548387097,0.21774193548387097,unlisted,,,,,0.5,0.5,0.42943548387096775
Bangladesh,bangladesh,611,5,0.008183306055646482,0.008183306055646482,0.71,0.71,0.4903225806451613,0.4903225806451613,grey,57,43,5,0.81,0.5,0.5,0.4271264716752019
Croatia,croatia,397,14,0.03526448362720403,0.03526448362720403,0.85,0.85,0.30587557603686644,0.30587557603686644,grey,42,92,2,0.01,0.5,0.5,0.4227850149160176
United Arab Emirates,united arab emirates,676,1,0.0014792899408284023,0.0014792899408284023,1.0,1.0,0.14919354838709678,0.14919354838709678,unlisted,,,,,0.5,0.5,0.4126682095819813
Iran,iran,1021,6,0.005876591576885406,0.005876591576885406,0.75,0.75,0.3911290322580645,0.3911290322580645,unlisted,,,,,0.5,0.5,0.4117514059587375
Cook Islands,cook islands,175,3,0.017142857142857144,0.017142857142857144,1.0,1.0,0.12096774193548386,0.12096774193548386,grey,50,81,5,0.42,0.5,0.5,0.4095276497695852
Cayman Islands,cayman islands,116,3,0.02586206896551724,0.02586206896551724,0.8833333333333333,0.8833333333333333,0.728494623655914,0.728494623655914,white,6,318,3,-1.52,0.0,0.0,0.40942250648869116
Israel,israel,35,1,0.02857142857142857,0.02857142857142857,1.0,1.0,0.10887096774193548,0.10887096774193548,unlisted,,,,,0.5,0.5,0.409360599078341
Tuvalu,tuvalu,285,2,0.007017543859649123,0.007017543859649123,1.0,1.0,0.08870967741935483,0.08870967741935483,unlisted,,,,,0.5,0.5,0.398931805319751
Mongolia,mongolia,358,2,0.00558659217877095,0.00558659217877095,0.625,0.625,0.4576612903225807,0.4576612903225807,unlisted,,,,,0.5,0.5,0.39706197062533793
Nigeria,nigeria,1005,27,0.026865671641791045,0.026865671641791045,0.8925925925925926,0.8925925925925926,0.15277777777777782,0.15277777777777782,unlisted,,,,,0.5,0.5,0.3930590105030404
Tunisia,tunisia,73,1,0.0136986301369863,0.0136986301369863,1.0,1.0,0.056451612903225805,0.056451612903225805,grey,56,30,3,0.66,0.5,0.5,0.39253756076005303
Isle of Man,isle of man,257,9,0.03501945525291829,0.03501945525291829,0.9611111111111111,0.9611111111111111,0.5730286738351255,0.5730286738351255,white,25,354,9,-0.84,0.0,0.0,0.3922898100497887
New Zealand,new zealand,120,8,0.06666666666666667,0.06666666666666667,0.675,0.675,0.30997983870967744,0.30997983870967744,unlisted,,,,,0.5,0.5,0.38791162634408605
Norway,nis,0,3,0.0,0.0,0.6333333333333333,0.6333333333333333,0.4059139784946237,0.4059139784946237,unlisted,,,,,0.5,0.5,0.38481182795698926
Jordan,jordan,34,1,0.029411764705882353,0.029411764705882353,1.0,1.0,0.008064516129032258,0.008064516129032258,unlisted,,,,,0.5,0.5,0.3843690702087286
Hong Kong,hong kong,0,65,0.0,0.0,0.87,0.87,0.6668114143920597,0.6668114143920597,white,11,1596,34,-1.4,0.0,0.0,0.3842028535980149
Portugal,mar,0,8,0.0,0.0,0.76875,0.76875,0.26260080645161293,0.26260080645161293,unlisted,,,,,0.5,0.5,0.38283770161290326
Romania,romania,127,2,0.015748031496062992,0.015748031496062992,0.825,0.825,0.18346774193548387,0.18346774193548387,unlisted,,,,,0.5,0.5,0.38105394335788667
São Tomé and Príncipe,sao tome and principe,69,1,0.014492753623188406,0.014492753623188406,1.0,1.0,0.008064516129032258,0.008064516129032258,unlisted,,,,,0.5,0.5,0.3806393174380552
Dominica,dominica,74,1,0.013513513513513514,0.013513513513513514,1.0,1.0,0.008064516129032258,0.008064516129032258,unlisted,,,,,0.5,0.5,0.38039450741063646
Kazakhstan,kazakhstan,122,1,0.00819672131147541,0.00819672131147541,1.0,1.0,0.008064516129032258,0.008064516129032258,unlisted,,,,,0.5,0.5,0.3790653093601269
Venezuela,venezuela,272,1,0.003676470588235294,0.003676470588235294,1.0,1.0,0.008064516129032258,0.008064516129032258,unlisted,,,,,0.5,0.5,0.3779352466793169
Djibouti,djibouti,42,1,0.023809523809523808,0.023809523809523808,0.65,0.65,0.3346774193548387,0.3346774193548387,unlisted,,,,,0.5,0.5,0.37712173579109065
Portugal,portugal,1131,43,0.03801945181255526,0.03801945181255526,0.9337209302325581,0.9337209302325581,0.5313203300825208,0.5313203300825208,white,17,2050,54,-1.24,0.0,0.0,0.37576517803190856
Norway,norway,1731,8,0.00462160600808781,0.00462160600808781,0.95625,0.95625,0.5403225806451614,0.5403225806451614,white,3,1824,23,-1.74,0.0,0.0,0.3752985466633123
France,france,559,47,0.08407871198568873,0.08407871198568873,0.9170212765957445,0.9170212765957445,0.49631091283459183,0.49631091283459183,white,1,297,1,-1.78,0.0,0.0,0.3743527253540062
Barbados,barbados,491,7,0.014256619144602852,0.014256619144602852,0.8500000000000002,0.8500000000000002,0.6307603686635945,0.6307603686635945,white,27,863,29,-0.81,0.0,0.0,0.3737542469520494
Liberia,liberia,5562,113,0.020316432937792162,0.020316432937792162,0.8433628318584074,0.8433628318584074,0.5765415358264344,0.5765415358264344,white,28,6035,257,-0.76,0.0,0.0,0.3600552001556585
Antigua and Barbuda,antigua and barbuda,676,21,0.03106508875739645,0.03106508875739645,0.8452380952380952,0.8452380952380952,0.5504992319508449,0.5504992319508449,white,35,1708,95,-0.14,0.0,0.0,0.35670060398658415
Bahamas,bahamas,1251,41,0.032773780975219824,0.032773780975219824,0.9378048780487804,0.9378048780487804,0.4454169944925256,0.4454169944925256,white,16,1758,45,-1.25,0.0,0.0,0.3539989133791315
Angola,angola,66,1,0.015151515151515152,0.015151515151515152,0.65,0.65,0.21774193548387097,0.21774193548387097,unlisted,,,,,0.5,0.5,0.3457233626588465
Spain,spain,483,22,0.045548654244306416,0.045548654244306416,0.8409090909090909,0.8409090909090909,0.4886363636363637,0.4886363636363637,white,26,112,1,-0.81,0.0,0.0,0.34377352719744025
Guernsey,guernsey,0,1,0.0,0.0,0.65,0.65,0.21774193548387097,0.21774193548387097,unlisted,,,,,0.5,0.5,0.3419354838709677
Ireland,ireland,97,12,0.12371134020618557,0.12371134020618557,0.6083333333333334,0.6083333333333334,0.6350806451612904,0.6350806451612904,white,23,91,0,-1.05,0.0,0.0,0.34178132967520236
Marshall Islands,marshall islands,4254,68,0.015984955336154207,0.015984955336154207,0.8985294117647057,0.8985294117647057,0.44366698292220086,0.44366698292220086,white,21,5470,181,-1.09,0.0,0.0,0.3395453375057652
United Kingdom,united kingdom,794,48,0.060453400503778336,0.060453400503778336,0.9177083333333332,0.9177083333333332,0.3768481182795698,0.3768481182795698,white,18,729,16,-1.22,0.0,0.0,0.33875246302917034
Azerbaijan,azerbaijan,320,6,0.01875,0.01875,0.44166666666666665,0.44166666666666665,0.3911290322580645,0.3911290322580645,unlisted,,,,,0.5,0.5,0.3378864247311828
Cyprus,cyprus,1032,21,0.020348837209302327,0.020348837209302327,0.9166666666666666,0.9166666666666666,0.4003456221198157,0.4003456221198157,white,19,2226,63,-1.17,0.0,0.0,0.3343402814989462
Singapore,singapore,3098,52,0.016785022595222725,0.016785022595222725,0.8682692307692306,0.8682692307692306,0.45091501240694776,0.45091501240694776,white,5,1745,28,-1.61,0.0,0.0,0.33399231644285027
China,china,10288,27,0.002624416796267496,0.002624416796267496,0.9203703703703703,0.9203703703703703,0.3991935483870968,0.3991935483870968,white,14,265,3,-1.35,0.0,0.0,0.3305470838884336
Malta,malta,1949,107,0.05489994869163674,0.05489994869163674,0.768691588785047,0.768691588785047,0.4836448598130839,0.4836448598130839,white,20,3747,113,-1.16,0.0,0.0,0.3268090993224419
Denmark,denmark,686,29,0.04227405247813411,0.04227405247813411,0.8534482758620687,0.8534482758620687,0.4003058954393771,0.4003058954393771,white,2,1246,14,-1.75,0.0,0.0,0.324007055944895
Brazil,brazil,926,4,0.004319654427645789,0.004319654427645789,0.725,0.725,0.0655241935483871,0.0655241935483871,unlisted,,,,,0.5,0.5,0.32371096199400823
Kuwait,kuwait,177,6,0.03389830508474576,0.03389830508474576,0.5083333333333333,0.5083333333333333,0.25,0.25,unlisted,,,,,0.5,0.5,0.32305790960451974
Australia,australia,631,7,0.011093502377179081,0.011093502377179081,0.5857142857142856,0.5857142857142856,0.1802995391705069,0.1802995391705069,unlisted,,,,,0.5,0.5,0.31927683181549293
Saudi Arabia,saudi arabia,482,5,0.01037344398340249,0.01037344398340249,0.48,0.48,0.24435483870967745,0.24435483870967745,grey,41,72,1,0.0,0.5,0.5,0.30868207067326997
Greece,greece,1203,5,0.004156275976724855,0.004156275976724855,0.85,0.85,0.3782258064516129,0.3782258064516129,white,15,599,12,-1.25,0.0,0.0,0.30809552060708445
Italy,italy,1212,16,0.013201320132013201,0.013201320132013201,0.95625,0.95625,0.25655241935483875,0.25655241935483875,white,8,846,14,-1.48,0.0,0.0,0.30650093487171304
Thailand,thailand,868,8,0.009216589861751152,0.009216589861751152,0.81875,0.81875,0.390625,0.390625,white,36,51,0,-0.09,0.0,0.0,0.30464789746543774
Turkey,turkiye,1220,11,0.009016393442622951,0.009016393442622951,0.9363636363636364,0.9363636363636364,0.25000000000000006,0.25000000000000006,white,32,607,25,-0.42,0.0,0.0,0.29884500745156484
Iceland,iceland,39,1,0.02564102564102564,0.02564102564102564,0.65,0.65,0.008064516129032258,0.008064516129032258,unlisted,,,,,0.5,0.5,0.2959263854425145
Gibraltar,gibraltar,96,13,0.13541666666666666,0.13541666666666666,0.6038461538461539,0.6038461538461539,0.39485111662531014,0.39485111662531014,white,29,293,8,-0.68,0.0,0.0,0.2835284842845327
United States,united states of america,3519,8,0.002273373117362887,0.002273373117362887,0.95625,0.95625,0.17489919354838712,0.17489919354838712,white,22,135,1,-1.07,0.0,0.0,0.2833556416664375
Sweden,sweden,362,9,0.024861878453038673,0.024861878453038673,0.8833333333333334,0.8833333333333334,0.2231182795698925,0.2231182795698925,white,12,317,4,-1.37,0.0,0.0,0.28282837283906614
Iraq,iraq,76,2,0.02631578947368421,0.02631578947368421,0.25,0.25,0.3346774193548387,0.3346774193548387,unlisted,,,,,0.5,0.5,0.2777483022071307
Bermuda,bermuda,114,5,0.043859649122807015,0.043859649122807015,0.78,0.78,0.2806451612903226,0.2806451612903226,white,24,154,2,-0.9,0.0,0.0,0.2761262026032824
Netherlands,netherlands,1200,21,0.0175,0.0175,0.7642857142857145,0.7642857142857145,0.3056835637480799,0.3056835637480799,white,4,2690,46,-1.61,0.0,0.0,0.27186731950844856
Egypt,egypt,453,2,0.004415011037527594,0.004415011037527594,1.0,1.0,0.05645161290322581,0.05645161290322581,white,40,36,0,0.08,0.0,0.0,0.26521665598518834
Japan,japan,5200,9,0.0017307692307692308,0.0017307692307692308,0.7944444444444445,0.7944444444444445,0.24910394265232982,0.24910394265232982,white,10,232,2,-1.41,0.0,0.0,0.2613197890818859
Belgium,belgium,184,12,0.06521739130434782,0.06521739130434782,0.6791666666666668,0.6791666666666668,0.28998655913978494,0.28998655913978494,white,31,168,4,-0.48,0.0,0.0,0.2585926542776999
Moldova,moldova,0,0,0.0,0.0,0.0,0.0,0.0,0.0,black,67,32,10,4.81,1.0,1.0,0.25
Tanzania,tanzania,0,0,0.0,0.0,0.0,0.0,0.0,0.0,black,68,149,41,5.88,1.0,1.0,0.25
Ukraine,ukraine,383,0,0.0,0.0,0.0,0.0,0.0,0.0,black,64,43,9,2.57,1.0,1.0,0.25
Jamaica,jamaica,45,1,0.022222222222222223,0.022222222222222223,0.25,0.25,0.21774193548387097,0.21774193548387097,unlisted,,,,,0.5,0.5,0.24749103942652328
Uruguay,uruguay,61,4,0.06557377049180328,0.06557377049180328,0.35,0.35,0.07358870967741934,0.07358870967741934,unlisted,,,,,0.5,0.5,0.24729062004230565
Germany,germany,602,20,0.03322259136212625,0.03322259136212625,0.6725000000000001,0.6725000000000001,0.280241935483871,0.280241935483871,white,13,486,8,-1.35,0.0,0.0,0.24649113171149933
Lithuania,lithuania,61,2,0.03278688524590164,0.03278688524590164,0.825,0.825,0.08870967741935483,0.08870967741935483,white,34,100,2,-0.15,0.0,0.0,0.23662414066631413
Finland,finland,279,5,0.017921146953405017,0.017921146953405017,0.6399999999999999,0.6399999999999999,0.21693548387096775,0.21693548387096775,white,7,364,4,-1.5,0.0,0.0,0.21871415770609315
Canada,canada,711,9,0.012658227848101266,0.012658227848101266,0.5111111111111111,0.5111111111111111,0.3467741935483871,0.3467741935483871,white,39,36,0,0.08,0.0,0.0,0.21763588312689985
Trinidad and Tobago,trinidad and tobago,99,1,0.010101010101010102,0.010101010101010102,0.25,0.25,0.10887096774193548,0.10887096774193548,unlisted,,,,,0.5,0.5,0.21724299446073642
Paraguay,paraguay,106,1,0.009433962264150943,0.009433962264150943,0.25,0.25,0.10483870967741936,0.10483870967741936,unlisted,,,,,0.5,0.5,0.21606816798539258
Poland,poland,162,2,0.012345679012345678,0.012345679012345678,0.825,0.825,0.008064516129032258,0.008064516129032258,white,37,46,0,0.02,0.0,0.0,0.21135254878534449
Falkland Islands [Islas Malvinas],falkland islands malvinas,0,1,0.0,0.0,0.25,0.25,0.024193548387096774,0.024193548387096774,unlisted,,,,,0.5,0.5,0.1935483870967742
Luxembourg,luxembourg,152,1,0.006578947368421052,0.006578947368421052,0.65,0.65,0.04032258064516129,0.04032258064516129,white,9,235,2,-1.42,0.0,0.0,0.17422538200339557
Estonia,estonia,69,3,0.043478260869565216,0.043478260869565216,0.5166666666666667,0.5166666666666667,0.061827956989247305,0.061827956989247305,white,33,84,1,-0.33,0.0,0.0,0.1554932211313698
"MTUG SURIGAO STRAIT"": Y",mtug surigao strait y,0,1,0.0,0.0,0.0,0.0,0.004032258064516129,0.004032258064516129,unlisted,,,,,0.5,0.5,0.12600806451612903
Algeria,algeria,118,0,0.0,0.0,0.0,0.0,0.0,0.0,grey,53,77,6,0.57,0.5,0.5,0.125
Aruba,aruba,1,0,0.0,0.0,0.0,0.0,0.0,0.0,unlisted,,,,,0.5,0.5,0.125
Austria,austria,1,0,0.0,0.0,0.0,0.0,0.0,0.0,unlisted,,,,,0.5,0.5,0.125
Bahrain,bahrain,159,0,0.0,0.0,0.0,0.0,0.0,0.0,unlisted,,,,,0.5,0.5,0.125
Belarus,belarus,4,0,0.0,0.0,0.0,0.0,0.0,0.0,unlisted,,,,,0.5,0.5,0.125
Benin,benin,11,0,0.0,0.0,0.0,0.0,0.0,0.0,unlisted,,,,,0.5,0.5,0.125
Bosnia and Herzegovina,bosnia and herzegovina,1,0,0.0,0.0,0.0,0.0,0.0,0.0,unlisted,,,,,0.5,0.5,0.125
British Virgin Islands,british virgin islands,25,0,0.0,0.0,0.0,0.0,0.0,0.0,unlisted,,,,,0.5,0.5,0.125
Brunei,brunei darussalam,96,0,0.0,0.0,0.0,0.0,0.0,0.0,unlisted,,,,,0.5,0.5,0.125
Cape Verde,cabo verde,42,0,0.0,0.0,0.0,0.0,0.0,0.0,unlisted,,,,,0.5,0.5,0.125
Cambodia,cambodia,183,0,0.0,0.0,0.0,0.0,0.0,0.0,unlisted,,,,,0.5,0.5,0.125
Chile,chile,242,0,0.0,0.0,0.0,0.0,0.0,0.0,unlisted,,,,,0.5,0.5,0.125
Hong Kong,china hong kong sar,2513,0,0.0,0.0,0.0,0.0,0.0,0.0,unlisted,,,,,0.5,0.5,0.125
Macau,china macao sar,7,0,0.0,0.0,0.0,0.0,0.0,0.0,unlisted,,,,,0.5,0.5,0.125
Taiwan,china taiwan province of,460,0,0.0,0.0,0.0,0.0,0.0,0.0,unlisted,,,,,0.5,0.5,0.125
Colombia,colombia,156,0,0.0,0.0,0.0,0.0,0.0,0.0,unlisted,,,,,0.5,0.5,0.125
Congo [Republic],congo,10,0,0.0,0.0,0.0,0.0,0.0,0.0,unlisted,,,,,0.5,0.5,0.125
Costa Rica,costa rica,11,0,0.0,0.0,0.0,0.0,0.0,0.0,unlisted,,,,,0.5,0.5,0.125
Côte d'Ivoire,cote d ivoire,26,0,0.0,0.0,0.0,0.0,0.0,0.0,unlisted,,,,,0.5,0.5,0.125
Cuba,cuba,68,0,0.0,0.0,0.0,0.0,0.0,0.0,unlisted,,,,,0.5,0.5,0.125
Curacao,curacao,75,0,0.0,0.0,0.0,0.0,0.0,0.0,unlisted,,,,,0.5,0.5,0.125
Czech Republic,czechia,1,0,0.0,0.0,0.0,0.0,0.0,0.0,unlisted,,,,,0.5,0.5,0.125
Czechoslovakia,czechoslovakia,0,0,0.0,0.0,0.0,0.0,0.0,0.0,unlisted,,,,,0.5,0.5,0.125
North Korea,dem. people s rep. of korea,289,0,0.0,0.0,0.0,0.0,0.0,0.0,unlisted,,,,,0.5,0.5,0.125
Congo [DRC],dem. rep. of the congo,25,0,0.0,0.0,0.0,0.0,0.0,0.0,unlisted,,,,,0.5,0.5,0.125
Germany,democratic republic of germany,0,0,0.0,0.0,0.0,0.0,0.0,0.0,unlisted,,,,,0.5,0.5,0.125
Dominican Republic,dominican republic,41,0,0.0,0.0,0.0,0.0,0.0,0.0,unlisted,,,,,0.5,0.5,0.125
El Salvador,el salvador,6,0,0.0,0.0,0.0,0.0,0.0,0.0,unlisted,,,,,0.5,0.5,0.125
Equatorial Guinea,equatorial guinea,40,0,0.0,0.0,0.0,0.0,0.0,0.0,unlisted,,,,,0.5,0.5,0.125
Eritrea,eritrea,10,0,0.0,0.0,0.0,0.0,0.0,0.0,unlisted,,,,,0.5,0.5,0.125
Swaziland,eswatini,17,0,0.0,0.0,0.0,0.0,0.0,0.0,unlisted,,,,,0.5,0.5,0.125
Falkland Islands [Islas Malvinas],falkland islands,2,0,0.0,0.0,0.0,0.0,0.0,0.0,unlisted,,,,,0.5,0.5,0.125
Germany,federal republic of germany,0,0,0.0,0.0,0.0,0.0,0.0,0.0,unlisted,,,,,0.5,0.5,0.125
Fiji,fiji,83,0,0.0,0.0,0.0,0.0,0.0,0.0,unlisted,,,,,0.5,0.5,0.125
French Polynesia,french polynesia,28,0,0.0,0.0,0.0,0.0,0.0,0.0,unlisted,,,,,0.5,0.5,0.125
French Southern Territories,french southern territories,3,0,0.0,0.0,0.0,0.0,0.0,0.0,unlisted,,,,,0.5,0.5,0.125
Gambia,gambia,37,0,0.0,0.0,0.0,0.0,0.0,0.0,unlisted,,,,,0.5,0.5,0.125
Georgia,georgia,28,0,0.0,0.0,0.0,0.0,0.0,0.0,unlisted,,,,,0.5,0.5,0.125
Ghana,ghana,51,0,0.0,0.0,0.0,0.0,0.0,0.0,unlisted,,,,,0.5,0.5,0.125
Grenada,grenada,6,0,0.0,0.0,0.0,0.0,0.0,0.0,unlisted,,,,,0.5,0.5,0.125
Guam,guam,3,0,0.0,0.0,0.0,0.0,0.0,0.0,unlisted,,,,,0.5,0.5,0.125
Guatemala,guatemala,13,0,0.0,0.0,0.0,0.0,0.0,0.0,unlisted,,,,,0.5,0.5,0.125
Guinea,guinea,30,0,0.0,0.0,0.0,0.0,0.0,0.0,unlisted,,,,,0.5,0.5,0.125
Guyana,guyana,123,0,0.0,0.0,0.0,0.0,0.0,0.0,unlisted,,,,,0.5,0.5,0.125
Haiti,haiti,2,0,0.0,0.0,0.0,0.0,0.0,0.0,unlisted,,,,,0.5,0.5,0.125
Kenya,kenya,27,0,0.0,0.0,0.0,0.0,0.0,0.0,unlisted,,,,,0.5,0.5,0.125
Kiribati,kiribati,76,0,0.0,0.0,0.0,0.0,0.0,0.0,unlisted,,,,,0.5,0.5,0.125
Laos,lao people s dem. rep.,1,0,0.0,0.0,0.0,0.0,0.0,0.0,unlisted,,,,,0.5,0.5,0.125
Lebanon,lebanon,46,0,0.0,0.0,0.0,0.0,0.0,0.0,grey,49,38,2,0.39,0.5,0.5,0.125
Lesotho,lesotho,1,0,0.0,0.0,0.0,0.0,0.0,0.0,unlisted,,,,,0.5,0.5,0.125
Libya,libya,92,0,0.0,0.0,0.0,0.0,0.0,0.0,unlisted,,,,,0.5,0.5,0.125
Madagascar,madagascar,31,0,0.0,0.0,0.0,0.0,0.0,0.0,unlisted,,,,,0.5,0.5,0.125
Maldives,maldives,92,0,0.0,0.0,0.0,0.0,0.0,0.0,unlisted,,,,,0.5,0.5,0.125
Mauritania,mauritania,12,0,0.0,0.0,0.0,0.0,0.0,0.0,unlisted,,,,,0.5,0.5,0.125
Micronesia,micronesia,34,0,0.0,0.0,0.0,0.0,0.0,0.0,unlisted,,,,,0.5,0.5,0.125
Monaco,monaco,3,0,0.0,0.0,0.0,0.0,0.0,0.0,unlisted,,,,,0.5,0.5,0.125
Montenegro,montenegro,17,0,0.0,0.0,0.0,0.0,0.0,0.0,unlisted,,,,,0.5,0.5,0.125
Morocco,morocco,97,0,0.0,0.0,0.0,0.0,0.0,0.0,grey,46,48,1,0.15,0.5,0.5,0.125
Mozambique,mozambique,40,0,0.0,0.0,0.0,0.0,0.0,0.0,unlisted,,,,,0.5,0.5,0.125
Namibia,namibia,17,0,0.0,0.0,0.0,0.0,0.0,0.0,unlisted,,,,,0.5,0.5,0.125
Netherlands Antilles,netherlands antilles,0,0,0.0,0.0,0.0,0.0,0.0,0.0,unlisted,,,,,0.5,0.5,0.125
New Caledonia,new caledonia,20,0,0.0,0.0,0.0,0.0,0.0,0.0,unlisted,,,,,0.5,0.5,0.125
Nicaragua,nicaragua,5,0,0.0,0.0,0.0,0.0,0.0,0.0,unlisted,,,,,0.5,0.5,0.125
Niger,niger,1,0,0.0,0.0,0.0,0.0,0.0,0.0,unlisted,,,,,0.5,0.5,0.125
Macedonia [FYROM],north macedonia,2,0,0.0,0.0,0.0,0.0,0.0,0.0,unlisted,,,,,0.5,0.5,0.125
Northern Mariana Islands,northern mariana islands,1,0,0.0,0.0,0.0,0.0,0.0,0.0,unlisted,,,,,0.5,0.5,0.125
Oman,oman,50,0,0.0,0.0,0.0,0.0,0.0,0.0,unlisted,,,,,0.5,0.5,0.125
Pakistan,pakistan,61,0,0.0,0.0,0.0,0.0,0.0,0.0,unlisted,,,,,0.5,0.5,0.125
Panama,panama excluding canal zone,0,0,0.0,0.0,0.0,0.0,0.0,0.0,unlisted,,,,,0.5,0.5,0.125
Papua New Guinea,papua new guinea,224,0,0.0,0.0,0.0,0.0,0.0,0.0,unlisted,,,,,0.5,0.5,0.125
Puerto Rico,puerto rico,1,0,0.0,0.0,0.0,0.0,0.0,0.0,unlisted,,,,,0.5,0.5,0.125
Qatar,qatar,116,0,0.0,0.0,0.0,0.0,0.0,0.0,unlisted,,,,,0.5,0.5,0.125
Moldova,republic of moldova,37,0,0.0,0.0,0.0,0.0,0.0,0.0,unlisted,,,,,0.5,0.5,0.125
Réunion,reunion,11,0,0.0,0.0,0.0,0.0,0.0,0.0,unlisted,,,,,0.5,0.5,0.125
Samoa,samoa,13,0,0.0,0.0,0.0,0.0,0.0,0.0,unlisted,,,,,0.5,0.5,0.125
San Marino,san marino,55,0,0.0,0.0,0.0,0.0,0.0,0.0,unlisted,,,,,0.5,0.5,0.125
Senegal,senegal,37,0,0.0,0.0,0.0,0.0,0.0,0.0,unlisted,,,,,0.5,0.5,0.125
Serbia and Montenegro,serbia and montenegro,0,0,0.0,0.0,0.0,0.0,0.0,0.0,unlisted,,,,,0.5,0.5,0.125
Seychelles,seychelles,29,0,0.0,0.0,0.0,0.0,0.0,0.0,unlisted,,,,,0.5,0.5,0.125
Slovakia,slovakia,1,0,0.0,0.0,0.0,0.0,0.0,0.0,unlisted,,,,,0.5,0.5,0.125
Slovenia,slovenia,7,0,0.0,0.0,0.0,0.0,0.0,0.0,unlisted,,,,,0.5,0.5,0.125
Somalia,somalia,4,0,0.0,0.0,0.0,0.0,0.0,0.0,unlisted,,,,,0.5,0.5,0.125
South-eastern Asia,south eastern asia,23545,0,0.0,0.0,0.0,0.0,0.0,0.0,unlisted,,,,,0.5,0.5,0.125
Sub-Saharan Africa,sub saharan africa,9771,0,0.0,0.0,0.0,0.0,0.0,0.0,unlisted,,,,,0.5,0.5,0.125
Sudan,sudan,0,0,0.0,0.0,0.0,0.0,0.0,0.0,unlisted,,,,,0.5,0.5,0.125
Suriname,suriname,14,0,0.0,0.0,0.0,0.0,0.0,0.0,unlisted,,,,,0.5,0.5,0.125
Switzerland,switzerland,15,0,0.0,0.0,0.0,0.0,0.0,0.0,unlisted,,,,,0.5,0.5,0.125
Timor-Leste,timor leste,2,0,0.0,0.0,0.0,0.0,0.0,0.0,unlisted,,,,,0.5,0.5,0.125
Tonga,tonga,27,0,0.0,0.0,0.0,0.0,0.0,0.0,unlisted,,,,,0.5,0.5,0.125
Turkmenistan,turkmenistan,77,0,0.0,0.0,0.0,0.0,0.0,0.0,unlisted,,,,,0.5,0.5,0.125
Turks and Caicos Islands,turks and caicos islands,3,0,0.0,0.0,0.0,0.0,0.0,0.0,unlisted,,,,,0.5,0.5,0.125
Union of Soviet Socialist Republics,union of soviet socialist republics,0,0,0.0,0.0,0.0,0.0,0.0,0.0,unlisted,,,,,0.5,0.5,0.125
Tanzania,united republic of tanzania,524,0,0.0,0.0,0.0,0.0,0.0,0.0,unlisted,,,,,0.5,0.5,0.125
United States Virgin Islands,united states virgin islands,3,0,0.0,0.0,0.0,0.0,0.0,0.0,unlisted,,,,,0.5,0.5,0.125
Wallis and Futuna,wallis and futuna islands,11,0,0.0,0.0,0.0,0.0,0.0,0.0,unlisted,,,,,0.5,0.5,0.125
Yemen,yemen,30,0,0.0,0.0,0.0,0.0,0.0,0.0,unlisted,,,,,0.5,0.5,0.125
"Yemen, Arab Republic",yemen arab republic,0,0,0.0,0.0,0.0,0.0,0.0,0.0,unlisted,,,,,0.5,0.5,0.125
"Yemen, Democratic",yemen democratic,0,0,0.0,0.0,0.0,0.0,0.0,0.0,unlisted,,,,,0.5,0.5,0.125
"Yugoslavia, Soc. Fed. Rep. of",yugoslavia soc. fed. rep. of,0,0,0.0,0.0,0.0,0.0,0.0,0.0,unlisted,,,,,0.5,0.5,0.125
Zambia,zambia,1,0,0.0,0.0,0.0,0.0,0.0,0.0,unlisted,,,,,0.5,0.5,0.125
Faroe Islands,faroe islands,91,0,0.0,0.0,0.0,0.0,0.0,0.0,white,30,225,6,-0.56,0.0,0.0,0.0
Jersey,jersey,0,0,0.0,0.0,0.0,0.0,0.0,0.0,white,38,44,0,0.03,0.0,0.0,0.0
